accession,snp_index,position,ref_base,alt_base,delta_pred
9639,302,253,T,A,0.18756054435445835
8343,83,270,G,T,0.18398551893561738
9638,302,253,T,A,0.18266183514952972
6244,302,254,T,A,0.1741839280890911
763,302,254,T,A,0.16670595240556252
6944,302,251,T,A,0.16351206416592554
9722,302,247,T,C,0.16000158267186196
9612,303,386,C,T,0.15961674799179193
7424,83,270,G,A,0.15865261421782334
351,83,269,G,T,0.15773840759039937
9450,303,386,C,T,0.1560408746474276
9451,452,302,T,A,0.155930292956713
8240,452,302,T,A,0.15547034887483507
9755,452,302,T,A,0.15542558894598713
9764,452,302,T,A,0.15542558894598713
5772,452,302,T,A,0.155425588945987
9849,452,302,T,A,0.1554255889459869
9903,452,302,T,A,0.1554255889459868
9835,452,302,T,A,0.15542558894598646
430,452,302,T,A,0.15496795448647344
9539,452,302,T,A,0.15496679967529126
6193,452,302,T,A,0.15422630935653892
6105,118,197,C,G,0.1539384533911506
6192,452,302,T,A,0.15385668181392992
9383,185,239,A,C,0.1536587380801524
8422,465,280,A,T,0.15351553277376734
9382,465,280,A,T,0.15332723041740726
7162,311,328,C,A,0.14756962419208491
9918,452,302,T,A,0.1463154273158415
6008,452,302,T,A,0.14440888427605397
6909,465,280,A,T,0.142823125698413
9997,311,328,C,A,0.1405029097941542
7158,452,292,T,A,0.13872605675451513
9984,303,16,G,A,0.13743958699143044
14312,465,280,A,T,0.13704301469126434
6966,452,292,T,A,0.13587800250864207
6967,303,386,C,T,0.1350192616926067
8312,83,270,G,T,0.1332591805854933
5776,465,280,A,T,0.12810927231233815
2016,465,280,A,T,0.1278971392350572
5784,83,270,G,T,0.12777791559438595
9529,465,280,A,T,0.12745733120001268
14313,465,280,A,T,0.12745733120001257
7000,465,280,A,T,0.1274573312000124
9381,465,280,A,T,0.12745733120001235
6908,465,280,A,T,0.12745733120001232
6904,465,280,A,T,0.12745733120001213
6214,465,280,A,T,0.12745733120001157
6970,195,194,T,A,0.1268863059234494
9914,465,280,A,T,0.12618631048308226
7071,465,280,A,T,0.12554746214638615
6173,465,280,A,T,0.12524826672075418
9633,465,280,A,T,0.12252179192438772
6961,452,302,T,A,0.12211057372292267
7248,465,280,A,T,0.1204710553447664
350,294,248,G,A,0.12025407070170399
2091,465,280,A,T,0.11969592683779157
2081,465,280,A,T,0.11969592683779157
544,465,280,A,T,0.11969592683779155
1793,465,280,A,T,0.11969592683779154
2412,465,280,A,T,0.11969592683779151
1797,465,280,A,T,0.11969592683779148
546,465,280,A,T,0.11969592683779148
2017,465,280,A,T,0.11969592683779144
6923,465,280,A,T,0.11943228009752149
6091,465,280,A,T,0.11937739801923386
6924,452,292,T,A,0.11758013307845486
6166,465,280,A,T,0.11639401548185191
9629,465,280,A,T,0.11587902730878774
6163,465,280,A,T,0.11538776249766558
9946,452,292,T,A,0.11523292387930062
2370,465,280,A,T,0.1141836445401766
9542,465,280,A,T,0.1141836445401766
9810,303,386,C,T,0.1141302743760543
9874,465,280,A,T,0.11332023486976156
9517,452,304,A,T,0.112564955361669
7013,452,302,T,A,0.11191843210705377
9983,303,386,C,T,0.11106183821442617
6907,452,292,T,A,0.11049969441083546
6971,311,328,C,A,0.11021951793118134
9847,452,302,T,A,0.10997368482451497
9399,452,292,T,A,0.10974126430758258
7280,452,302,T,A,0.10923690876976111
9943,303,386,C,T,0.10904816862262079
6020,452,302,T,A,0.10903372631869912
9719,71,501,G,A,0.1082825776093782
9855,465,280,A,T,0.10796586924041085
8264,452,302,T,A,0.10787653890612559
9870,452,302,T,A,0.10787653890612547
6943,452,302,T,A,0.10787653890612525
15591,452,302,T,A,0.1078765389061252
9806,452,302,T,A,0.1078765389061252
9795,452,302,T,A,0.10787653890612517
9470,452,302,T,A,0.10787653890612514
9877,452,302,T,A,0.10787653890612503
6021,452,302,T,A,0.10787653890612503
6022,452,302,T,A,0.10787653890612481
9528,465,280,A,T,0.10720159332495705
10022,452,302,T,A,0.10659431019646337
8235,311,328,C,A,0.10613338269733415
9875,452,302,T,A,0.10497833351319408
9452,212,455,N,G,0.1045873240031358
9846,452,302,T,A,0.10447644512316367
9775,452,302,T,A,0.10394770033849975
9867,452,292,N,A,0.10179417021911064
7378,311,320,N,C,0.10109646924348978
9848,71,501,G,A,0.09301670740398371
7307,71,501,G,A,0.09047524797850054
6019,465,280,A,T,0.08886839288414156
410,452,292,T,A,0.08555907581708101
