accession,step,snp_index,position,ref_base,alt_base,original_single_delta,step_delta,cumulative_delta,prediction_after_step
10022,1,452,302,T,A,0.10659431019646337,0.10659431019646337,0.10659431019646337,0.9894135401401948
14312,1,465,280,A,T,0.13704301469126434,0.13704301469126434,0.13704301469126434,-0.9856689093978431
14313,1,465,280,A,T,0.12745733120001257,0.12745733120001257,0.12745733120001257,-0.635464088618968
15591,1,452,302,T,A,0.1078765389061252,0.1078765389061252,0.1078765389061252,-0.06073654419775782
1793,1,465,280,A,T,0.11969592683779154,0.11969592683779154,0.11969592683779154,0.2943439012799082
1797,1,465,280,A,T,0.11969592683779148,0.11969592683779148,0.11969592683779148,0.23171710619649438
2016,1,465,280,A,T,0.1278971392350572,0.1278971392350572,0.1278971392350572,0.24905571138526972
2017,1,465,280,A,T,0.11969592683779144,0.11969592683779144,0.11969592683779144,0.22664083377859034
2081,1,465,280,A,T,0.11969592683779157,0.11969592683779157,0.11969592683779157,0.32121434142467387
2091,1,465,280,A,T,0.11969592683779157,0.11969592683779157,0.11969592683779157,0.3375470561141867
2370,1,465,280,A,T,0.1141836445401766,0.1141836445401766,0.1141836445401766,0.2513959958798076
2412,1,465,280,A,T,0.11969592683779151,0.11969592683779151,0.11969592683779151,0.29982734167201003
350,1,294,248,G,A,0.12025407070170399,0.12025407070170399,0.12025407070170399,0.32220181844390877
351,1,83,269,G,T,0.15773840759039937,0.15773840759039937,0.15773840759039937,0.2305752277801759
410,1,452,292,T,A,0.08555907581708101,0.08555907581708101,0.08555907581708101,0.09174443193746623
430,1,452,302,T,A,0.15496795448647344,0.15496795448647344,0.15496795448647344,0.06194758982106582
544,1,465,280,A,T,0.11969592683779155,0.11969592683779155,0.11969592683779155,0.22832892203366223
546,1,465,280,A,T,0.11969592683779148,0.11969592683779148,0.11969592683779148,0.21548818551384008
5772,1,452,302,T,A,0.155425588945987,0.155425588945987,0.155425588945987,0.04290333305812457
5776,1,465,280,A,T,0.12810927231233815,0.12810927231233815,0.12810927231233815,0.009660429410089072
5784,1,83,270,G,T,0.12777791559438595,0.12777791559438595,0.12777791559438595,0.0062993634908846624
6008,1,452,302,T,A,0.14440888427605397,0.14440888427605397,0.14440888427605397,-0.21159891588566915
6019,1,465,280,A,T,0.08886839288414156,0.08886839288414156,0.08886839288414156,-0.33736533402235086
6020,1,452,302,T,A,0.10903372631869912,0.10903372631869912,0.10903372631869912,-0.2862596238081256
6021,1,452,302,T,A,0.10787653890612503,0.10787653890612503,0.10787653890612503,-0.6750495731771355
6022,1,452,302,T,A,0.10787653890612481,0.10787653890612481,0.10787653890612481,-0.9332058721861126
6091,1,465,280,A,T,0.11937739801923386,0.11937739801923386,0.11937739801923386,-0.5380537422473661
6105,1,118,197,C,G,0.1539384533911506,0.1539384533911506,0.1539384533911506,-0.3733597981191366
6163,1,465,280,A,T,0.11538776249766558,0.11538776249766558,0.11538776249766558,-1.8093955902920922
6166,1,465,280,A,T,0.11639401548185191,0.11639401548185191,0.11639401548185191,-1.5991926302304305
6173,1,465,280,A,T,0.12524826672075418,0.12524826672075418,0.12524826672075418,-1.548437845663878
6192,1,452,302,T,A,0.15385668181392992,0.15385668181392992,0.15385668181392992,0.0016122391121861862
6193,1,452,302,T,A,0.15422630935653892,0.15422630935653892,0.15422630935653892,-0.5044598088479618
6214,1,465,280,A,T,0.12745733120001157,0.12745733120001157,0.12745733120001157,-1.389067897330827
6244,1,302,254,T,A,0.1741839280890911,0.1741839280890911,0.1741839280890911,-1.5001093670361845
6904,1,465,280,A,T,0.12745733120001213,0.12745733120001213,0.12745733120001213,0.9735157844081623
6907,1,452,292,T,A,0.11049969441083546,0.11049969441083546,0.11049969441083546,0.10737996511256448
6908,1,465,280,A,T,0.12745733120001232,0.12745733120001232,0.12745733120001232,0.2739392792621518
6909,1,465,280,A,T,0.142823125698413,0.142823125698413,0.142823125698413,-0.3305363667810504
6923,1,465,280,A,T,0.11943228009752149,0.11943228009752149,0.11943228009752149,0.4984061996716081
6924,1,452,292,T,A,0.11758013307845486,0.11758013307845486,0.11758013307845486,0.2695468371428719
6943,1,452,302,T,A,0.10787653890612525,0.10787653890612525,0.10787653890612525,0.4542223609845219
6944,1,302,251,T,A,0.16351206416592554,0.16351206416592554,0.16351206416592554,-0.09916530097574408
6961,1,452,302,T,A,0.12211057372292267,0.12211057372292267,0.12211057372292267,1.4515299966663022
6966,1,452,292,T,A,0.13587800250864207,0.13587800250864207,0.13587800250864207,0.36503076555912933
6967,1,303,386,C,T,0.1350192616926067,0.1350192616926067,0.1350192616926067,0.2779855842841971
6970,1,195,194,T,A,0.1268863059234494,0.1268863059234494,0.1268863059234494,0.889888540766952
6971,1,311,328,C,A,0.11021951793118134,0.11021951793118134,0.11021951793118134,1.063313713617889
7000,1,465,280,A,T,0.1274573312000124,0.1274573312000124,0.1274573312000124,0.3099945417708618
7013,1,452,302,T,A,0.11191843210705377,0.11191843210705377,0.11191843210705377,-0.5103855483068706
7071,1,465,280,A,T,0.12554746214638615,0.12554746214638615,0.12554746214638615,0.27545375321905596
7158,1,452,292,T,A,0.13872605675451513,0.13872605675451513,0.13872605675451513,0.16320754293503442
7162,1,311,328,C,A,0.14756962419208491,0.14756962419208491,0.14756962419208491,0.0980418036565919
7248,1,465,280,A,T,0.1204710553447664,0.1204710553447664,0.1204710553447664,0.045429311256582706
7280,1,452,302,T,A,0.10923690876976111,0.10923690876976111,0.10923690876976111,-0.22109350944930245
7307,1,71,501,G,A,0.09047524797850054,0.09047524797850054,0.09047524797850054,0.5697468208493204
7378,1,311,320,N,C,0.10109646924348978,0.10109646924348978,0.10109646924348978,0.017650052274497167
7424,1,83,270,G,A,0.15865261421782334,0.15865261421782334,0.15865261421782334,0.5218153939644307
763,1,302,254,T,A,0.16670595240556252,0.16670595240556252,0.16670595240556252,-1.6930128538186429
8235,1,311,328,C,A,0.10613338269733415,0.10613338269733415,0.10613338269733415,-0.08254132511259545
8240,1,452,302,T,A,0.15547034887483507,0.15547034887483507,0.15547034887483507,-0.35345286863960707
8264,1,452,302,T,A,0.10787653890612559,0.10787653890612559,0.10787653890612559,1.2959620542692178
8312,1,83,270,G,T,0.1332591805854933,0.1332591805854933,0.1332591805854933,0.00247077018562501
8343,1,83,270,G,T,0.18398551893561738,0.18398551893561738,0.18398551893561738,-0.008472321193110317
8422,1,465,280,A,T,0.15351553277376734,0.15351553277376734,0.15351553277376734,-0.15845503654613358
9381,1,465,280,A,T,0.12745733120001235,0.12745733120001235,0.12745733120001235,-0.9291931403057935
9382,1,465,280,A,T,0.15332723041740726,0.15332723041740726,0.15332723041740726,-0.9658110012884452
9383,1,185,239,A,C,0.1536587380801524,0.1536587380801524,0.1536587380801524,-0.7625473399378525
9399,1,452,292,T,A,0.10974126430758258,0.10974126430758258,0.10974126430758258,-0.5277287846686083
9450,1,303,386,C,T,0.1560408746474276,0.1560408746474276,0.1560408746474276,-0.4064147430316641
9451,1,452,302,T,A,0.155930292956713,0.155930292956713,0.155930292956713,-0.27125027168904975
9452,1,212,455,N,G,0.1045873240031358,0.1045873240031358,0.1045873240031358,-0.14831581490948642
9470,1,452,302,T,A,0.10787653890612514,0.10787653890612514,0.10787653890612514,-0.29670196401843035
9517,1,452,304,A,T,0.112564955361669,0.112564955361669,0.112564955361669,0.7993295560042044
9528,1,465,280,A,T,0.10720159332495705,0.10720159332495705,0.10720159332495705,0.6578607790924839
9529,1,465,280,A,T,0.12745733120001268,0.12745733120001268,0.12745733120001268,0.658069383955104
9539,1,452,302,T,A,0.15496679967529126,0.15496679967529126,0.15496679967529126,1.3895266278455325
9542,1,465,280,A,T,0.1141836445401766,0.1141836445401766,0.1141836445401766,0.7748285470822782
9612,1,303,386,C,T,0.15961674799179193,0.15961674799179193,0.15961674799179193,-0.726085406779586
9629,1,465,280,A,T,0.11587902730878774,0.11587902730878774,0.11587902730878774,-1.4380854824143283
9633,1,465,280,A,T,0.12252179192438772,0.12252179192438772,0.12252179192438772,-0.9156313046475506
9638,1,302,253,T,A,0.18266183514952972,0.18266183514952972,0.18266183514952972,-1.1264275001411024
9639,1,302,253,T,A,0.18756054435445835,0.18756054435445835,0.18756054435445835,-1.035157660717966
9719,1,71,501,G,A,0.1082825776093782,0.1082825776093782,0.1082825776093782,0.7205203232575965
9722,1,302,247,T,C,0.16000158267186196,0.16000158267186196,0.16000158267186196,0.214817984624889
9755,1,452,302,T,A,0.15542558894598713,0.15542558894598713,0.15542558894598713,0.6683694731847407
9764,1,452,302,T,A,0.15542558894598713,0.15542558894598713,0.15542558894598713,0.7576262313852072
9775,1,452,302,T,A,0.10394770033849975,0.10394770033849975,0.10394770033849975,-0.03933621206891054
9795,1,452,302,T,A,0.10787653890612517,0.10787653890612517,0.10787653890612517,-0.018948270862553095
9806,1,452,302,T,A,0.1078765389061252,0.1078765389061252,0.1078765389061252,-0.15109994254039272
9810,1,303,386,C,T,0.1141302743760543,0.1141302743760543,0.1141302743760543,0.3367382392098334
9835,1,452,302,T,A,0.15542558894598646,0.15542558894598646,0.15542558894598646,1.0751857263557056
9846,1,452,302,T,A,0.10447644512316367,0.10447644512316367,0.10447644512316367,0.6341909749877699
9847,1,452,302,T,A,0.10997368482451497,0.10997368482451497,0.10997368482451497,0.6637820042126334
9848,1,71,501,G,A,0.09301670740398371,0.09301670740398371,0.09301670740398371,0.901245157925717
9849,1,452,302,T,A,0.1554255889459869,0.1554255889459869,0.1554255889459869,0.7067862859111314
9855,1,465,280,A,T,0.10796586924041085,0.10796586924041085,0.10796586924041085,1.292352161819547
9867,1,452,292,N,A,0.10179417021911064,0.10179417021911064,0.10179417021911064,0.8564209870310162
9870,1,452,302,T,A,0.10787653890612547,0.10787653890612547,0.10787653890612547,0.6527834114263547
9874,1,465,280,A,T,0.11332023486976156,0.11332023486976156,0.11332023486976156,0.5177085994162789
9875,1,452,302,T,A,0.10497833351319408,0.10497833351319408,0.10497833351319408,0.5792652758926046
9877,1,452,302,T,A,0.10787653890612503,0.10787653890612503,0.10787653890612503,0.3723528931977297
9903,1,452,302,T,A,0.1554255889459868,0.1554255889459868,0.1554255889459868,0.48477012864223384
9914,1,465,280,A,T,0.12618631048308226,0.12618631048308226,0.12618631048308226,1.3490093805265106
9918,1,452,302,T,A,0.1463154273158415,0.1463154273158415,0.1463154273158415,0.39140297501497023
9943,1,303,386,C,T,0.10904816862262079,0.10904816862262079,0.10904816862262079,1.5040792415819826
9946,1,452,292,T,A,0.11523292387930062,0.11523292387930062,0.11523292387930062,1.3021580833962032
9983,1,303,386,C,T,0.11106183821442617,0.11106183821442617,0.11106183821442617,0.767764323994558
9984,1,303,16,G,A,0.13743958699143044,0.13743958699143044,0.13743958699143044,0.7383280389221585
9997,1,311,328,C,A,0.1405029097941542,0.1405029097941542,0.1405029097941542,0.4952223756312852
